<metadata><Esri><CreaDate>20211018</CreaDate><CreaTime>12185500</CreaTime><SyncOnce>FALSE</SyncOnce><SyncDate>20211130</SyncDate><SyncTime>14473500</SyncTime><ModDate>20211130</ModDate><ModTime>14490900</ModTime><DataProperties><itemProps><itemName Sync="TRUE">TOWNS_POLY_UTILITIES</itemName><itemLocation><linkage Sync="TRUE">file://\\TSSARCGIS-WAP4\C$\Users\swatermulder\Downloads\pubutil\TOWNS_POLY_UTILITIES.dbf</linkage><protocol Sync="TRUE">Local Area Network</protocol></itemLocation><imsContentType Sync="TRUE" export="False">002</imsContentType><itemSize Sync="TRUE">0.160</itemSize></itemProps><lineage><Process ToolSource="c:\program files (x86)\arcgis\desktop10.3\ArcToolbox\Toolboxes\Data Management Tools.tbx\CalculateField" Date="20160524" Time="104158" Name="" export="">CalculateField GISDATA.TOWNS_POLY_UTILITIES ELEC [ELEC2] VB #</Process><Process ToolSource="c:\program files (x86)\arcgis\desktop10.3\ArcToolbox\Toolboxes\Data Management Tools.tbx\CalculateField" Date="20160524" Time="104251" Name="" export="">CalculateField GISDATA.TOWNS_POLY_UTILITIES ELEC_LABEL [ELEC_LABEL2] VB #</Process><Process ToolSource="c:\program files (x86)\arcgis\desktop10.3\ArcToolbox\Toolboxes\Data Management Tools.tbx\CalculateField" Date="20160524" Time="104914" Name="" export="">CalculateField GISDATA.TOWNS_POLY_UTILITIES ELEC [ELEC2] VB #</Process><Process ToolSource="c:\program files (x86)\arcgis\desktop10.3\ArcToolbox\Toolboxes\Data Management Tools.tbx\CalculateField" Date="20160524" Time="105121" Name="" export="">CalculateField GISDATA.TOWNS_POLY_UTILITIES ELEC [ELEC2] VB #</Process><Process ToolSource="c:\program files (x86)\arcgis\desktop10.3\ArcToolbox\Toolboxes\Data Management Tools.tbx\CalculateField" Date="20160524" Time="105144" Name="" export="">CalculateField GISDATA.TOWNS_POLY_UTILITIES ELEC [ELEC2] VB #</Process><Process ToolSource="c:\program files (x86)\arcgis\desktop10.3\ArcToolbox\Toolboxes\Data Management Tools.tbx\CalculateField" Date="20160524" Time="105538" Name="" export="">CalculateField GISDATA.TOWNS_POLY_UTILITIES ELEC [ELEC2] VB #</Process><Process ToolSource="c:\program files (x86)\arcgis\desktop10.8\ArcToolbox\Toolboxes\Data Management Tools.tbx\TruncateTable" Date="20211018" Time="122120" Name="" export="">TruncateTable "Database Connections\AWS_VTP_PROD_GISDATA.sde\GISDATA.TOWNS_POLY_UTILITIES"</Process><Process ToolSource="c:\program files (x86)\arcgis\desktop10.8\ArcToolbox\Toolboxes\Data Management Tools.tbx\Append" Date="20211018" Time="122438" Name="" export="">Append V:\Projects\UtilityTerritories\2021_Update\Utilities2021.gdb\TOWNS_POLY_UTILITIES "Database Connections\AWS_VTP_PROD_GISDATA.sde\GISDATA.TOWNS_POLY_UTILITIES" TEST # #</Process><Process ToolSource="c:\program files (x86)\arcgis\desktop10.8\ArcToolbox\Toolboxes\Conversion Tools.tbx\TableToTable" Date="20211022" Time="123514" Name="" export="">TableToTable "Database Connections\AWS_VTP_PROD_GISDATA.sde\GISDATA.TOWNS_POLY_UTILITIES" E:\MassGIS\Data_Distribution_Files\statewide_viewer_fgdb\MassGIS_Vector_GISDATA.gdb TOWNS_POLY_UTILITIES # "TOWN_ID "TOWN_ID" true true false 2 Short 0 5 ,First,#,Database Connections\AWS_VTP_PROD_GISDATA.sde\GISDATA.TOWNS_POLY_UTILITIES,TOWN_ID,-1,-1;TOWN "TOWN" true true false 21 Text 0 0 ,First,#,Database Connections\AWS_VTP_PROD_GISDATA.sde\GISDATA.TOWNS_POLY_UTILITIES,TOWN,-1,-1;ELEC "ELEC" true true false 92 Text 0 0 ,First,#,Database Connections\AWS_VTP_PROD_GISDATA.sde\GISDATA.TOWNS_POLY_UTILITIES,ELEC,-1,-1;GAS "GAS" true true false 75 Text 0 0 ,First,#,Database Connections\AWS_VTP_PROD_GISDATA.sde\GISDATA.TOWNS_POLY_UTILITIES,GAS,-1,-1;CABLE "CABLE" true true false 30 Text 0 0 ,First,#,Database Connections\AWS_VTP_PROD_GISDATA.sde\GISDATA.TOWNS_POLY_UTILITIES,CABLE,-1,-1;ELEC_LABEL "ELEC_LABEL" true true false 92 Text 0 0 ,First,#,Database Connections\AWS_VTP_PROD_GISDATA.sde\GISDATA.TOWNS_POLY_UTILITIES,ELEC_LABEL,-1,-1;GAS_LABEL "GAS_LABEL" true true false 80 Text 0 0 ,First,#,Database Connections\AWS_VTP_PROD_GISDATA.sde\GISDATA.TOWNS_POLY_UTILITIES,GAS_LABEL,-1,-1;CABL_LABEL "CABL_LABEL" true true false 80 Text 0 0 ,First,#,Database Connections\AWS_VTP_PROD_GISDATA.sde\GISDATA.TOWNS_POLY_UTILITIES,CABL_LABEL,-1,-1;INTERNET "INTERNET" true true false 1 Text 0 0 ,First,#,Database Connections\AWS_VTP_PROD_GISDATA.sde\GISDATA.TOWNS_POLY_UTILITIES,INTERNET,-1,-1" #</Process><Process ToolSource="c:\program files (x86)\arcgis\desktop10.8\ArcToolbox\Toolboxes\Data Management Tools.tbx\TruncateTable" Date="20211130" Time="114158" Name="" export="">TruncateTable E:\MassGIS\Data_Distribution_Files\statewide_viewer_fgdb\MassGIS_Vector_GISDATA.gdb\TOWNS_POLY_UTILITIES</Process><Process ToolSource="c:\program files (x86)\arcgis\desktop10.8\ArcToolbox\Toolboxes\Data Management Tools.tbx\Append" Date="20211130" Time="114744" Name="" export="">Append 'Database Connections\AWS_VTP_PROD_GISDATA.sde\GISDATA.TOWNS_POLY_UTILITIES' E:\MassGIS\Data_Distribution_Files\statewide_viewer_fgdb\MassGIS_Vector_GISDATA.gdb\TOWNS_POLY_UTILITIES TEST # #</Process><Process ToolSource="c:\program files (x86)\arcgis\desktop10.8\ArcToolbox\Toolboxes\Conversion Tools.tbx\TableToTable" Date="20211130" Time="143725" Name="" export="">TableToTable E:\MassGIS\Data_Distribution_Files\statewide_viewer_SHP\gisdata\men1\infrastructure\TOWNS_POLY_UTILITIES.dbf C:\Users\swatermulder\Downloads\pubutil TOWNS_POLY_UTILITIES.dbf # "TOWN_ID "TOWN_ID" true true false 5 Long 0 5 ,First,#,E:\MassGIS\Data_Distribution_Files\statewide_viewer_SHP\gisdata\men1\infrastructure\TOWNS_POLY_UTILITIES.dbf,TOWN_ID,-1,-1;TOWN "TOWN" true true false 21 Text 0 0 ,First,#,E:\MassGIS\Data_Distribution_Files\statewide_viewer_SHP\gisdata\men1\infrastructure\TOWNS_POLY_UTILITIES.dbf,TOWN,-1,-1;ELEC "ELEC" true true false 92 Text 0 0 ,First,#,E:\MassGIS\Data_Distribution_Files\statewide_viewer_SHP\gisdata\men1\infrastructure\TOWNS_POLY_UTILITIES.dbf,ELEC,-1,-1;GAS "GAS" true true false 75 Text 0 0 ,First,#,E:\MassGIS\Data_Distribution_Files\statewide_viewer_SHP\gisdata\men1\infrastructure\TOWNS_POLY_UTILITIES.dbf,GAS,-1,-1;CABLE "CABLE" true true false 30 Text 0 0 ,First,#,E:\MassGIS\Data_Distribution_Files\statewide_viewer_SHP\gisdata\men1\infrastructure\TOWNS_POLY_UTILITIES.dbf,CABLE,-1,-1;ELEC_LABEL "ELEC_LABEL" true true false 92 Text 0 0 ,First,#,E:\MassGIS\Data_Distribution_Files\statewide_viewer_SHP\gisdata\men1\infrastructure\TOWNS_POLY_UTILITIES.dbf,ELEC_LABEL,-1,-1;GAS_LABEL "GAS_LABEL" true true false 80 Text 0 0 ,First,#,E:\MassGIS\Data_Distribution_Files\statewide_viewer_SHP\gisdata\men1\infrastructure\TOWNS_POLY_UTILITIES.dbf,GAS_LABEL,-1,-1;CABL_LABEL "CABL_LABEL" true true false 80 Text 0 0 ,First,#,E:\MassGIS\Data_Distribution_Files\statewide_viewer_SHP\gisdata\men1\infrastructure\TOWNS_POLY_UTILITIES.dbf,CABL_LABEL,-1,-1;INTERNET "INTERNET" true true false 1 Text 0 0 ,First,#,E:\MassGIS\Data_Distribution_Files\statewide_viewer_SHP\gisdata\men1\infrastructure\TOWNS_POLY_UTILITIES.dbf,INTERNET,-1,-1" #</Process></lineage></DataProperties><ArcGISFormat>1.0</ArcGISFormat><ArcGISProfile>FGDC</ArcGISProfile><scaleRange><minScale>625000</minScale><maxScale>5000</maxScale></scaleRange><ArcGISstyle>FGDC CSDGM Metadata</ArcGISstyle></Esri><mdLang><languageCode value="eng"/><countryCode value="USA" Sync="TRUE"/></mdLang><mdChar><CharSetCd value="004"/></mdChar><mdHrLv><ScopeCd value="005"/></mdHrLv><mdContact><rpOrgName>MassGIS</rpOrgName><rpCntInfo><cntPhone><voiceNum>(617) 619-5611</voiceNum></cntPhone><cntAddress addressType="both"><delPoint>One Ashburton Place, Room 819</delPoint><city>Boston</city><adminArea>MA</adminArea><postCode>02108</postCode><country>US</country><eMailAdd>massgismail@state.ma.us</eMailAdd></cntAddress></rpCntInfo><role><RoleCd value="007"/></role></mdContact><mdDateSt>20211130</mdDateSt><mdStanName>ArcGIS Metadata</mdStanName><mdStanVer>1.0</mdStanVer><distInfo xmlns=""><distributor xmlns=""><distorCont xmlns=""><rpOrgName>MassGIS</rpOrgName><rpCntInfo xmlns=""><cntAddress addressType="both"><delPoint>One Ashburton Place, Room 819</delPoint><city>Boston</city><adminArea>MA</adminArea><postCode>02108</postCode><country>US</country><eMailAdd>massgismail@state.ma.us</eMailAdd></cntAddress><cntPhone><voiceNum tddtty="">617-617-5611</voiceNum></cntPhone></rpCntInfo><role><RoleCd value="005"/></role></distorCont><distorOrdPrc xmlns=""><ordInstr>Download from http://www.mass.gov/itd/pubutil.</ordInstr></distorOrdPrc><distorFormat xmlns=""><formatName>DBF table</formatName></distorFormat></distributor><distFormat xmlns=""><formatName Sync="TRUE">dBASE Table</formatName></distFormat><distTranOps><transSize Sync="TRUE">0.160</transSize></distTranOps></distInfo><dataIdInfo><idCitation xmlns=""><resTitle>Table - Public Utility Providers</resTitle><date><pubDate>2021-11-30T00:00:00</pubDate></date><citRespParty xmlns=""><rpOrgName>MassGIS</rpOrgName><role><RoleCd value="006"/></role></citRespParty><presForm xmlns=""><PresFormCd value="001"/></presForm><presForm xmlns=""><fgdcGeoform>tabular digital data</fgdcGeoform></presForm></idCitation><idAbs>&lt;DIV STYLE="text-align:Left;"&gt;&lt;DIV&gt;&lt;DIV&gt;&lt;P&gt;&lt;SPAN&gt;This table contains the public Electric, Gas, and Cable utility providers for each Massachusetts municipality. The source of data for Electric and Natural Gas was the Massachusetts Department of Public Utilities, September 2021. The source of data for Cable utilities was the Massachusetts Department of Telecommunications and Cable, November 2019. The table is stored as TOWNS_POLY_UTILITIES and may be joined to any community boundaries layer on the TOWN_ID column.&lt;/SPAN&gt;&lt;/P&gt;&lt;/DIV&gt;&lt;/DIV&gt;&lt;/DIV&gt;</idAbs><idPurp>Display public Electric, Natural Gas, and Cable utility providers by municipality.</idPurp><idCredit>Massachusetts Department of Public Utilities, Massachusetts Department of Telecommunications and Cable</idCredit><idStatus><ProgCd value="001"/></idStatus><idPoC xmlns=""><rpOrgName>MassGIS</rpOrgName><rpCntInfo xmlns=""><cntAddress addressType="both"><delPoint>One Ashburton Place, Room 819</delPoint><city>Boston</city><adminArea>MA</adminArea><postCode>02108</postCode><country>US</country><eMailAdd>massgismail@state.ma.us</eMailAdd></cntAddress><cntPhone><voiceNum tddtty="">617-619-5611</voiceNum></cntPhone></rpCntInfo><role><RoleCd value="007"/></role></idPoC><resMaint xmlns=""><maintFreq><MaintFreqCd value="009"/></maintFreq></resMaint><themeKeys xmlns=""><thesaName xmlns=""><resTitle>ISO 19115 Topic Categories</resTitle></thesaName><keyword>utilitiesCommunication</keyword></themeKeys><themeKeys xmlns=""><keyword>utility</keyword><keyword>internet</keyword><keyword>cable</keyword><keyword>utility providers</keyword><keyword>electric</keyword><keyword>natural gas</keyword><keyword>public utilities</keyword><keyword>regulated</keyword></themeKeys><searchKeys><keyword>utilitiesCommunication</keyword><keyword>utility</keyword><keyword>internet</keyword><keyword>cable</keyword><keyword>utility providers</keyword><keyword>electric</keyword><keyword>natural gas</keyword><keyword>public utilities</keyword><keyword>regulated</keyword></searchKeys><dataLang><languageCode value="eng"/><countryCode value="USA" Sync="TRUE"/></dataLang><envirDesc>Microsoft Windows 7 Version 6.1 (Build 7601) Service Pack 1; Esri ArcGIS 10.3.1.4959</envirDesc><dataExt xmlns=""><exDesc>Published by MassGIS</exDesc><tempEle><TempExtent><exTemp><TM_Instant><tmPosition>2016-01-26</tmPosition></TM_Instant></exTemp></TempExtent></tempEle></dataExt><spatRpType><SpatRepTypCd value="003" Sync="TRUE"/></spatRpType><tpCat><TopicCatCd value="019"/></tpCat></dataIdInfo><eainfo><detailed Name="TOWNS_POLY_UTILITIES" xmlns=""><enttyp><enttypl>GISDATA.TOWNS_POLY_UTILITIES</enttypl><enttypt Sync="TRUE">Table</enttypt><enttypc Sync="TRUE">351</enttypc></enttyp><attr><attrlabl Sync="TRUE">OID</attrlabl><attalias Sync="TRUE">OID</attalias><attrtype Sync="TRUE">OID</attrtype><attwidth Sync="TRUE">4</attwidth><atprecis Sync="TRUE">0</atprecis><attscale Sync="TRUE">0</attscale><attrdef Sync="TRUE">Internal feature number.</attrdef><attrdefs Sync="TRUE">Esri</attrdefs><attrdomv><udom Sync="TRUE">Sequential unique whole numbers that are automatically generated.</udom></attrdomv></attr><attr xmlns=""><attrlabl>TOWN</attrlabl><attrdef>Official municipality name</attrdef><attrdefs>MassGIS</attrdefs><attalias Sync="TRUE">TOWN</attalias><attrtype Sync="TRUE">String</attrtype><attwidth Sync="TRUE">21</attwidth><atprecis Sync="TRUE">0</atprecis><attscale Sync="TRUE">0</attscale></attr><attr xmlns=""><attrlabl>TOWN_ID</attrlabl><attrdef>3-digit municipality identifier</attrdef><attrdefs>MassGIS</attrdefs><attalias Sync="TRUE">TOWN_ID</attalias><attrtype Sync="TRUE">Integer</attrtype><attwidth Sync="TRUE">5</attwidth><atprecis Sync="TRUE">5</atprecis><attscale Sync="TRUE">0</attscale></attr><attr xmlns=""><attrlabl>GAS_LABEL</attrlabl><attrdef>Modified label for natural gas provider for map legends. The text "Municipal" is used instead of the community's power company (which is stored in the GAS field).</attrdef><attrdefs>MassGIS</attrdefs><attalias Sync="TRUE">GAS_LABEL</attalias><attrtype Sync="TRUE">String</attrtype><attwidth Sync="TRUE">80</attwidth><atprecis Sync="TRUE">0</atprecis><attscale Sync="TRUE">0</attscale></attr><attr xmlns=""><attrlabl>CABL_LABEL</attrlabl><attrdef>Modified label for cable TV provider for map legends. The text "Municipal" is used instead of the community's cable company (which is stored in the CABLE field).</attrdef><attrdefs>MassGIS</attrdefs><attalias Sync="TRUE">CABL_LABEL</attalias><attrtype Sync="TRUE">String</attrtype><attwidth Sync="TRUE">80</attwidth><atprecis Sync="TRUE">0</atprecis><attscale Sync="TRUE">0</attscale></attr><attr xmlns=""><attrlabl>INTERNET</attrlabl><attrdef>Indicates if a municipality provides its own internet service</attrdef><attrdefs>Northeast Public Power Association</attrdefs><attalias Sync="TRUE">INTERNET</attalias><attrtype Sync="TRUE">String</attrtype><attwidth Sync="TRUE">1</attwidth><atprecis Sync="TRUE">0</atprecis><attscale Sync="TRUE">0</attscale></attr><attr xmlns=""><attrlabl>ELEC_LABEL</attrlabl><attrdef>Modified label for electricity provider for map legends. The text "Municipal" is used instead of the community's power company (which is stored in the ELEC field).</attrdef><attrdefs>MassGIS</attrdefs><attalias Sync="TRUE">ELEC_LABEL</attalias><attrtype Sync="TRUE">String</attrtype><attwidth Sync="TRUE">92</attwidth><atprecis Sync="TRUE">0</atprecis><attscale Sync="TRUE">0</attscale></attr><attr xmlns=""><attrlabl>ELEC</attrlabl><attrdef>Electric service provider</attrdef><attrdefs>Massachusetts Department of Public Utilities</attrdefs><attalias Sync="TRUE">ELEC</attalias><attrtype Sync="TRUE">String</attrtype><attwidth Sync="TRUE">92</attwidth><atprecis Sync="TRUE">0</atprecis><attscale Sync="TRUE">0</attscale></attr><attr xmlns=""><attrlabl>CABLE</attrlabl><attrdef>Cable television service provider</attrdef><attrdefs>Massachusetts Department of Telecommunications and Cable</attrdefs><attalias Sync="TRUE">CABLE</attalias><attrtype Sync="TRUE">String</attrtype><attwidth Sync="TRUE">30</attwidth><atprecis Sync="TRUE">0</atprecis><attscale Sync="TRUE">0</attscale></attr><attr xmlns=""><attrlabl>GAS</attrlabl><attrdef>Natural Gas service provider</attrdef><attrdefs>Massachusetts Department of Public Utilities</attrdefs><attalias Sync="TRUE">GAS</attalias><attrtype Sync="TRUE">String</attrtype><attwidth Sync="TRUE">75</attwidth><atprecis Sync="TRUE">0</atprecis><attscale Sync="TRUE">0</attscale></attr></detailed></eainfo><mdHrLvName Sync="TRUE">dataset</mdHrLvName></metadata>
